{
  "greeting": {
    "x": 100,
    "y": 100
  },
  "lore_intro": {
    "x": 467.8312316167951,
    "y": 35.36082634164235
  },
  "lore_complete": {
    "x": 400,
    "y": 300
  }
}